index,axis-0,axis-1,axis-2
0,0.0,155.4068376068376,64.61623931623932
1,2.0,190.0119658119658,59.03504273504274
